1943931.exe , 6.837188720703125000, 5.423187255859375000, 0.120117187500000000,  ,  351, 338, 4
1943931.exe , 6.691390991210937500, 5.307052612304687500, 0.117477416992187500,  ,  342, 330, 12
1943931.exe , 6.827682495117187500, 5.502960205078125000, 0.112701416015625000,  ,  328, 324, 4
1943931.exe , 6.992721557617187500, 5.728240966796875000, 0.107406616210937500,  ,  313, 303, 8
1943931.exe , 6.883773803710937500, 5.525665283203125000, 0.114898681640625000,  ,  335, 325, 8
1943931.exe , 6.964050292968750000, 5.651382446289062500, 0.111480712890625000,  ,  324, 306, 16
1943931.exe , 6.711700439453125000, 5.304626464843750000, 0.119430541992187500,  ,  346, 326, 20
1943931.exe , 6.749099731445312500, 5.402908325195312500, 0.114334106445312500,  ,  333, 328, 4
1943931.exe , 6.900787353515625000, 5.537582397460937500, 0.115707397460937500,  ,  336, 336, 0
1943931.exe , 6.763076782226562500, 5.363327026367187500, 0.118591308593750000,  ,  345, 333, 12
2520984.exe , 7.506622314453125000, 6.012664794921875000, 0.125595092773437500,  ,  367, 363, 4
2520984.exe , 7.385498046875000000, 5.849426269531250000, 0.129150390625000000,  ,  378, 366, 12
2520984.exe , 7.302337646484375000, 5.753387451171875000, 0.131011962890625000,  ,  381, 377, 4
2520984.exe , 7.337768554687500000, 5.783676147460937500, 0.131011962890625000,  ,  381, 373, 8
2520984.exe , 7.261688232421875000, 5.709518432617187500, 0.131500244140625000,  ,  383, 367, 17
2520984.exe , 7.397735595703125000, 5.835586547851562500, 0.131652832031250000,  ,  385, 379, 4
2520984.exe , 7.343093872070312500, 5.736419677734375000, 0.171417236328125000,  ,  387, 378, 8
2520984.exe , 7.543930053710937500, 5.905303955078125000, 0.277755737304687500,  ,  368, 365, 4
2520984.exe , 7.314224243164062500, 5.819458007812500000, 0.126693725585937500,  ,  368, 356, 12
2520984.exe , 7.361297607421875000, 5.797042846679687500, 0.131652832031250000,  ,  385, 374, 12
2636614.exe , 55.811721801757812500, 44.913986206054687500, 0.921127319335937500,  ,  2707, 2700, 8
2636614.exe , 54.879455566406250000, 44.079879760742187500, 0.908264160156250000,  ,  2669, 2641, 28
2636614.exe , 55.586425781250000000, 44.668182373046875000, 0.913543701171875000,  ,  2685, 2666, 16
2636614.exe , 56.087692260742187500, 45.092910766601562500, 0.919418334960937500,  ,  2702, 2685, 16
2636614.exe , 55.320480346679687500, 44.377029418945312500, 0.915237426757812500,  ,  2689, 2674, 14
2636614.exe , 55.233963012695312500, 44.339462280273437500, 0.910415649414062500,  ,  2675, 2666, 8
2636614.exe , 56.050125122070312500, 45.067230224609375000, 0.917587280273437500,  ,  2697, 2691, 8
2636614.exe , 55.640975952148437500, 44.790252685546875000, 0.913864135742187500,  ,  2687, 2680, 8
2636614.exe , 55.842697143554687500, 45.056747436523437500, 0.910690307617187500,  ,  2674, 2652, 20
2636614.exe , 56.292770385742187500, 45.380111694335937500, 0.917617797851562500,  ,  2698, 2679, 19
2695910.exe , 7.126190185546875000, 5.787979125976562500, 0.112396240234375000,  ,  327, 316, 12
2695910.exe , 7.030441284179687500, 5.639938354492187500, 0.116729736328125000,  ,  340, 330, 8
2695910.exe , 6.934188842773437500, 5.530670166015625000, 0.119781494140625000,  ,  348, 321, 28
2695910.exe , 6.934829711914062500, 5.547286987304687500, 0.117004394531250000,  ,  340, 332, 8
2695910.exe , 6.929672241210937500, 5.520111083984375000, 0.118698120117187500,  ,  345, 325, 20
2695910.exe , 6.978988647460937500, 5.602294921875000000, 0.116027832031250000,  ,  336, 329, 8
2695910.exe , 6.875106811523437500, 5.449905395507812500, 0.120117187500000000,  ,  350, 345, 4
2695910.exe , 6.839859008789062500, 5.380615234375000000, 0.122940063476562500,  ,  356, 345, 12
2695910.exe , 6.986190795898437500, 5.571731567382812500, 0.118713378906250000,  ,  344, 329, 16
2695910.exe , 7.104858398437500000, 5.716690063476562500, 0.116790771484375000,  ,  339, 338, 0
3048609.exe , 9.515274047851562500, 7.632400512695312500, 0.157211303710937500,  ,  458, 451, 8
3048609.exe , 9.504898071289062500, 7.643783569335937500, 0.156494140625000000,  ,  458, 437, 20
3048609.exe , 9.523254394531250000, 7.606704711914062500, 0.161300659179687500,  ,  469, 459, 8
3048609.exe , 9.476623535156250000, 7.570327758789062500, 0.160736083984375000,  ,  468, 454, 16
3048609.exe , 9.463409423828125000, 7.551956176757812500, 0.161102294921875000,  ,  470, 457, 12
3048609.exe , 9.519821166992187500, 7.650695800781250000, 0.157180786132812500,  ,  458, 439, 19
3048609.exe , 9.454010009765625000, 7.547973632812500000, 0.160400390625000000,  ,  468, 462, 4
3048609.exe , 9.605163574218750000, 7.728424072265625000, 0.157928466796875000,  ,  460, 443, 16
3048609.exe , 9.452972412109375000, 7.521865844726562500, 0.162933349609375000,  ,  477, 469, 8
3048609.exe , 9.556243896484375000, 7.654861450195312500, 0.160446166992187500,  ,  470, 454, 16
3457019.exe , 6.390899658203125000, 5.102752685546875000, 0.108566284179687500,  ,  316, 313, 4
3457019.exe , 6.393798828125000000, 5.056457519531250000, 0.110900878906250000,  ,  323, 310, 12
3457019.exe , 6.318679809570312500, 4.982711791992187500, 0.112380981445312500,  ,  327, 313, 12
3457019.exe , 6.637176513671875000, 5.411727905273437500, 0.103073120117187500,  ,  299, 292, 7
3457019.exe , 6.379287719726562500, 5.091751098632812500, 0.108596801757812500,  ,  315, 308, 8
3457019.exe , 6.332656860351562500, 5.036361694335937500, 0.108825683593750000,  ,  316, 308, 8
3457019.exe , 6.324752807617187500, 4.992996215820312500, 0.111999511718750000,  ,  327, 313, 12
3457019.exe , 6.447982788085937500, 5.175323486328125000, 0.106796264648437500,  ,  311, 304, 8
3457019.exe , 6.290756225585937500, 4.976516723632812500, 0.110595703125000000,  ,  321, 309, 12
3457019.exe , 6.349029541015625000, 5.049392700195312500, 0.109634399414062500,  ,  318, 314, 4
363509.exe , 7.773559570312500000, 6.214462280273437500, 0.131591796875000000,  ,  383, 371, 12
363509.exe , 7.891937255859375000, 6.330413818359375000, 0.130767822265625000,  ,  381, 379, 0
363509.exe , 7.698379516601562500, 6.134948730468750000, 0.130966186523437500,  ,  382, 375, 8
363509.exe , 7.733825683593750000, 6.174392700195312500, 0.131469726562500000,  ,  383, 378, 4
363509.exe , 7.740570068359375000, 6.101257324218750000, 0.137924194335937500,  ,  402, 394, 8
363509.exe , 7.650650024414062500, 6.023010253906250000, 0.137237548828125000,  ,  400, 383, 16
363509.exe , 7.891433715820312500, 6.389404296875000000, 0.128417968750000000,  ,  373, 364, 8
363509.exe , 7.791259765625000000, 6.185592651367187500, 0.135177612304687500,  ,  395, 395, 0
363509.exe , 7.709823608398437500, 6.139007568359375000, 0.132507324218750000,  ,  386, 386, 0
363509.exe , 7.662322998046875000, 6.024673461914062500, 0.137985229492187500,  ,  401, 393, 8
3666543.exe , 0.724227905273437500, 0.548889160156250000, 0.014724731445312500,  ,  40, 36, 4
3666543.exe , 0.682998657226562500, 0.500091552734375000, 0.015396118164062500,  ,  43, 33, 8
3666543.exe , 0.725112915039062500, 0.538040161132812500, 0.015747070312500000,  ,  43, 39, 4
3666543.exe , 0.717269897460937500, 0.534423828125000000, 0.015350341796875000,  ,  43, 33, 10
3666543.exe , 0.705139160156250000, 0.522171020507812500, 0.015411376953125000,  ,  43, 35, 8
3666543.exe , 0.711944580078125000, 0.544082641601562500, 0.015365600585937500,  ,  42, 34, 7
3666543.exe , 0.711883544921875000, 0.533111572265625000, 0.015045166015625000,  ,  42, 33, 8
3666543.exe , 0.704559326171875000, 0.525695800781250000, 0.015029907226562500,  ,  41, 32, 8
3666543.exe , 0.671890258789062500, 0.493225097656250000, 0.015350341796875000,  ,  41, 29, 12
3666543.exe , 0.712600708007812500, 0.525680541992187500, 0.015731811523437500,  ,  43, 31, 12
4046853.exe , 6.811630249023437500, 5.425552368164062500, 0.116806030273437500,  ,  341, 329, 12
4046853.exe , 6.711410522460937500, 5.326171875000000000, 0.116806030273437500,  ,  341, 336, 4
4046853.exe , 6.650268554687500000, 5.226119995117187500, 0.119812011718750000,  ,  349, 341, 8
4046853.exe , 6.847610473632812500, 5.523040771484375000, 0.111770629882812500,  ,  326, 316, 8
4046853.exe , 6.737442016601562500, 5.352371215820312500, 0.116744995117187500,  ,  341, 342, 0
4046853.exe , 6.812011718750000000, 5.471435546875000000, 0.112899780273437500,  ,  330, 328, 0
4046853.exe , 6.682113647460937500, 5.266784667968750000, 0.119049072265625000,  ,  347, 335, 12
4046853.exe , 6.891387939453125000, 5.557235717773437500, 0.113632202148437500,  ,  330, 327, 4
4046853.exe , 6.858963012695312500, 5.566833496093750000, 0.110656738281250000,  ,  320, 307, 13
4046853.exe , 6.738357543945312500, 5.338577270507812500, 0.117477416992187500,  ,  343, 324, 16
5075663.exe , 10.384185791015625000, 8.274749755859375000, 0.317840576171875000,  ,  485, 477, 8
5075663.exe , 10.091506958007812500, 8.054779052734375000, 0.171783447265625000,  ,  501, 495, 4
5075663.exe , 10.075408935546875000, 8.048126220703125000, 0.170486450195312500,  ,  499, 481, 16
5075663.exe , 10.229507446289062500, 8.212905883789062500, 0.170791625976562500,  ,  495, 490, 4
5075663.exe , 10.498809814453125000, 8.479080200195312500, 0.168548583984375000,  ,  491, 485, 8
5075663.exe , 10.130874633789062500, 8.118743896484375000, 0.169006347656250000,  ,  492, 479, 12
5075663.exe , 10.250076293945312500, 8.188034057617187500, 0.172378540039062500,  ,  503, 499, 4
5075663.exe , 10.382385253906250000, 8.346893310546875000, 0.169891357421875000,  ,  495, 477, 16
5075663.exe , 10.343811035156250000, 8.276931762695312500, 0.173782348632812500,  ,  509, 493, 16
5075663.exe , 10.331253051757812500, 8.280853271484375000, 0.172714233398437500,  ,  504, 492, 12
5104802.exe , 6.772994995117187500, 5.326995849609375000, 0.120468139648437500,  ,  351, 348, 0
5104802.exe , 6.572326660156250000, 5.086746215820312500, 0.124877929687500000,  ,  364, 351, 12
5104802.exe , 6.750778198242187500, 5.317596435546875000, 0.120147705078125000,  ,  350, 333, 16
5104802.exe , 6.649185180664062500, 5.205947875976562500, 0.121170043945312500,  ,  352, 349, 4
5104802.exe , 6.857589721679687500, 5.500152587890625000, 0.113571166992187500,  ,  331, 327, 4
5104802.exe , 6.749771118164062500, 5.352447509765625000, 0.117660522460937500,  ,  342, 336, 4
5104802.exe , 6.805664062500000000, 5.400573730468750000, 0.117630004882812500,  ,  343, 331, 12
5104802.exe , 6.655303955078125000, 5.151443481445312500, 0.126205444335937500,  ,  369, 362, 8
5104802.exe , 6.699783325195312500, 5.208999633789062500, 0.125259399414062500,  ,  367, 343, 20
5104802.exe , 6.746566772460937500, 5.329330444335937500, 0.119400024414062500,  ,  347, 343, 4
5409465.exe , 11.159347534179687500, 8.962600708007812500, 0.183258056640625000,  ,  535, 526, 8
5409465.exe , 11.221099853515625000, 9.030593872070312500, 0.184310913085937500,  ,  540, 532, 8
5409465.exe , 11.122497558593750000, 8.907196044921875000, 0.184860229492187500,  ,  540, 524, 16
5409465.exe , 11.243377685546875000, 9.069824218750000000, 0.181503295898437500,  ,  530, 520, 8
5409465.exe , 11.112838745117187500, 8.908020019531250000, 0.184463500976562500,  ,  540, 531, 8
5409465.exe , 11.008636474609375000, 8.733245849609375000, 0.190643310546875000,  ,  555, 553, 4
5409465.exe , 11.117752075195312500, 8.867294311523437500, 0.188354492187500000,  ,  550, 535, 12
5409465.exe , 11.183044433593750000, 8.982788085937500000, 0.183944702148437500,  ,  538, 530, 8
5409465.exe , 10.978286743164062500, 8.764984130859375000, 0.186431884765625000,  ,  544, 533, 12
5409465.exe , 11.044647216796875000, 8.820083618164062500, 0.186950683593750000,  ,  548, 533, 16
5878214.exe , 50.715530395507812500, 40.605880737304687500, 0.773696899414062500,  ,  2272, 1153, 1120
5878214.exe , 50.791809082031250000, 40.680084228515625000, 0.772384643554687500,  ,  2268, 1151, 1117
5878214.exe , 50.995910644531250000, 40.890472412109375000, 0.770156860351562500,  ,  2261, 1143, 1119
5878214.exe , 50.739379882812500000, 40.704803466796875000, 0.762893676757812500,  ,  2243, 1137, 1103
5878214.exe , 50.900924682617187500, 40.760101318359375000, 0.771286010742187500,  ,  2266, 1174, 1092
5878214.exe , 51.267837524414062500, 41.214004516601562500, 0.764312744140625000,  ,  2245, 1164, 1081
5878214.exe , 50.879287719726562500, 40.817932128906250000, 0.770889282226562500,  ,  2261, 1171, 1091
5878214.exe , 50.682128906250000000, 40.623214721679687500, 0.769393920898437500,  ,  2262, 1165, 1097
5878214.exe , 50.601531982421875000, 40.501251220703125000, 0.772109985351562500,  ,  2270, 1117, 1153
5878214.exe , 50.891830444335937500, 40.834152221679687500, 0.770751953125000000,  ,  2264, 1152, 1113
5920970.exe , 7.033081054687500000, 5.680389404296875000, 0.112869262695312500,  ,  328, 312, 16
5920970.exe , 6.956512451171875000, 5.576141357421875000, 0.115554809570312500,  ,  336, 331, 4
5920970.exe , 6.955795288085937500, 5.578201293945312500, 0.115386962890625000,  ,  337, 326, 12
5920970.exe , 6.835067749023437500, 5.410827636718750000, 0.119018554687500000,  ,  346, 338, 8
5920970.exe , 7.051437377929687500, 5.702239990234375000, 0.112136840820312500,  ,  328, 324, 4
5920970.exe , 6.911773681640625000, 5.524398803710937500, 0.116424560546875000,  ,  338, 326, 12
5920970.exe , 7.006790161132812500, 5.648223876953125000, 0.113174438476562500,  ,  330, 326, 4
5920970.exe , 6.713638305664062500, 5.227127075195312500, 0.124618530273437500,  ,  363, 348, 16
5920970.exe , 6.818756103515625000, 5.376541137695312500, 0.121505737304687500,  ,  351, 344, 8
5920970.exe , 6.862945556640625000, 5.465560913085937500, 0.116638183593750000,  ,  339, 339, 0
6123694.exe , 8.108108520507812500, 6.467483520507812500, 0.136779785156250000,  ,  398, 386, 12
6123694.exe , 8.104583740234375000, 6.487518310546875000, 0.135391235351562500,  ,  396, 388, 8
6123694.exe , 8.151397705078125000, 6.557388305664062500, 0.133728027343750000,  ,  391, 375, 15
6123694.exe , 8.175186157226562500, 6.582077026367187500, 0.133316040039062500,  ,  391, 385, 4
6123694.exe , 8.244812011718750000, 6.623641967773437500, 0.134811401367187500,  ,  394, 392, 0
6123694.exe , 8.158752441406250000, 6.542678833007812500, 0.135681152343750000,  ,  397, 391, 4
6123694.exe , 8.281204223632812500, 6.668487548828125000, 0.134063720703125000,  ,  390, 377, 12
6123694.exe , 8.210098266601562500, 6.543121337890625000, 0.137145996093750000,  ,  401, 389, 11
6123694.exe , 8.109237670898437500, 6.450363159179687500, 0.137527465820312500,  ,  402, 383, 20
6123694.exe , 8.175018310546875000, 6.551742553710937500, 0.135406494140625000,  ,  394, 385, 8
6227368.exe , 7.608383178710937500, 6.110687255859375000, 0.123458862304687500,  ,  360, 360, 0
6227368.exe , 7.599822998046875000, 6.113494873046875000, 0.124526977539062500,  ,  364, 359, 0
6227368.exe , 7.608016967773437500, 6.089935302734375000, 0.125534057617187500,  ,  365, 358, 8
6227368.exe , 7.651428222656250000, 6.169815063476562500, 0.123519897460937500,  ,  359, 360, 0
6227368.exe , 7.687759399414062500, 6.247421264648437500, 0.120788574218750000,  ,  352, 337, 16
6227368.exe , 7.655471801757812500, 6.247070312500000000, 0.120010375976562500,  ,  349, 345, 4
6227368.exe , 7.595031738281250000, 6.101303100585937500, 0.124816894531250000,  ,  364, 363, 0
6227368.exe , 7.436355590820312500, 5.918777465820312500, 0.126205444335937500,  ,  370, 358, 12
6227368.exe , 7.431488037109375000, 5.904724121093750000, 0.127639770507812500,  ,  372, 366, 4
6227368.exe , 7.609878540039062500, 6.125152587890625000, 0.124435424804687500,  ,  361, 346, 16
786190.exe , 7.511108398437500000, 6.025512695312500000, 0.124099731445312500,  ,  362, 355, 8
786190.exe , 7.388046264648437500, 5.875854492187500000, 0.127014160156250000,  ,  369, 363, 8
786190.exe , 7.465042114257812500, 5.958129882812500000, 0.139724731445312500,  ,  365, 357, 8
786190.exe , 7.315170288085937500, 5.759124755859375000, 0.129608154296875000,  ,  378, 370, 8
786190.exe , 7.382049560546875000, 5.846374511718750000, 0.127944946289062500,  ,  373, 361, 12
786190.exe , 7.349746704101562500, 5.818252563476562500, 0.128341674804687500,  ,  373, 360, 12
786190.exe , 7.596969604492187500, 6.139251708984375000, 0.122497558593750000,  ,  356, 356, 0
786190.exe , 7.644409179687500000, 6.208419799804687500, 0.120697021484375000,  ,  352, 346, 4
786190.exe , 7.477584838867187500, 5.988510131835937500, 0.124099731445312500,  ,  360, 346, 16
786190.exe , 7.385208129882812500, 5.848526000976562500, 0.128631591796875000,  ,  376, 371, 4
787752.exe , 10.906494140625000000, 8.768905639648437500, 0.179061889648437500,  ,  525, 514, 9
787752.exe , 10.794357299804687500, 8.613067626953125000, 0.182189941406250000,  ,  530, 523, 8
787752.exe , 10.796112060546875000, 8.652572631835937500, 0.179870605468750000,  ,  525, 522, 4
787752.exe , 10.693984985351562500, 8.517623901367187500, 0.183944702148437500,  ,  536, 518, 17
787752.exe , 10.716262817382812500, 8.523803710937500000, 0.183578491210937500,  ,  535, 524, 12
787752.exe , 10.813385009765625000, 8.646759033203125000, 0.180175781250000000,  ,  526, 515, 11
787752.exe , 10.736633300781250000, 8.594436645507812500, 0.179824829101562500,  ,  525, 525, 0
787752.exe , 10.926956176757812500, 8.799499511718750000, 0.176422119140625000,  ,  516, 515, 0
787752.exe , 10.733459472656250000, 8.551635742187500000, 0.182510375976562500,  ,  533, 526, 8
787752.exe , 10.648880004882812500, 8.470046997070312500, 0.182449340820312500,  ,  533, 525, 8
8000029.exe , 62.224166870117187500, 51.015731811523437500, 0.933715820312500000,  ,  2745, 2731, 16
8000029.exe , 62.165649414062500000, 50.943634033203125000, 0.937484741210937500,  ,  2756, 2740, 16
8000029.exe , 61.623565673828125000, 50.540679931640625000, 0.929260253906250000,  ,  2733, 2723, 8
8000029.exe , 61.980453491210937500, 50.763427734375000000, 0.930969238281250000,  ,  2736, 2724, 12
8000029.exe , 62.448287963867187500, 51.196807861328125000, 0.930099487304687500,  ,  2733, 2715, 16
8000029.exe , 62.214355468750000000, 51.046035766601562500, 0.935211181640625000,  ,  2749, 2744, 4
8000029.exe , 62.421997070312500000, 51.193176269531250000, 0.936447143554687500,  ,  2753, 2745, 8
8000029.exe , 63.125778198242187500, 51.786453247070312500, 0.936813354492187500,  ,  2752, 2740, 12
8000029.exe , 62.051437377929687500, 50.935363769531250000, 0.927368164062500000,  ,  2724, 2712, 12
8000029.exe , 63.057952880859375000, 51.832183837890625000, 0.933486938476562500,  ,  2744, 2730, 12
8557275.exe , 7.414825439453125000, 5.874877929687500000, 0.127883911132812500,  ,  373, 360, 12
8557275.exe , 7.432678222656250000, 5.915237426757812500, 0.127517700195312500,  ,  371, 362, 8
8557275.exe , 7.423614501953125000, 5.919464111328125000, 0.125686645507812500,  ,  366, 366, 0
8557275.exe , 7.279144287109375000, 5.700836181640625000, 0.131362915039062500,  ,  384, 364, 20
8557275.exe , 7.269454956054687500, 5.670150756835937500, 0.133316040039062500,  ,  389, 373, 16
8557275.exe , 7.285064697265625000, 5.751327514648437500, 0.128646850585937500,  ,  376, 369, 8
8557275.exe , 7.530975341796875000, 6.052352905273437500, 0.124877929687500000,  ,  363, 358, 4
8557275.exe , 7.322952270507812500, 5.802780151367187500, 0.127212524414062500,  ,  370, 364, 4
8557275.exe , 7.378967285156250000, 5.821136474609375000, 0.129928588867187500,  ,  377, 365, 12
8557275.exe , 7.508666992187500000, 6.034408569335937500, 0.122436523437500000,  ,  355, 334, 20
1943931.exe , 6.833190917968750000, 5.447799682617187500, 0.117446899414062500,  ,  342, 332, 3
1943931.exe , 6.962219238281250000, 5.620513916015625000, 0.113662719726562500,  ,  331, 319, 12
1943931.exe , 6.812561035156250000, 5.478713989257812500, 0.113082885742187500,  ,  330, 325, 4
1943931.exe , 6.780517578125000000, 5.399627685546875000, 0.117034912109375000,  ,  342, 338, 4
1943931.exe , 6.651245117187500000, 5.221328735351562500, 0.121307373046875000,  ,  354, 338, 16
1943931.exe , 6.865127563476562500, 5.507766723632812500, 0.114944458007812500,  ,  334, 324, 8
1943931.exe , 6.818435668945312500, 5.474884033203125000, 0.113708496093750000,  ,  330, 324, 8
1943931.exe , 6.898925781250000000, 5.549026489257812500, 0.114334106445312500,  ,  333, 321, 12
1943931.exe , 6.756195068359375000, 5.402969360351562500, 0.116119384765625000,  ,  338, 334, 4
1943931.exe , 6.869979858398437500, 5.488006591796875000, 0.117279052734375000,  ,  343, 335, 8
2520984.exe , 7.500198364257812500, 5.975006103515625000, 0.127532958984375000,  ,  371, 366, 4
2520984.exe , 7.368270874023437500, 5.814895629882812500, 0.131698608398437500,  ,  384, 370, 12
2520984.exe , 7.371002197265625000, 5.850158691406250000, 0.128677368164062500,  ,  374, 371, 4
2520984.exe , 7.355300903320312500, 5.842864990234375000, 0.128311157226562500,  ,  374, 365, 8
2520984.exe , 7.246444702148437500, 5.675064086914062500, 0.133178710937500000,  ,  387, 375, 12
2520984.exe , 7.488754272460937500, 6.014617919921875000, 0.124771118164062500,  ,  363, 355, 8
2520984.exe , 8.043594360351562500, 6.504730224609375000, 0.127227783203125000,  ,  373, 369, 4
2520984.exe , 8.012298583984375000, 6.418441772460937500, 0.132659912109375000,  ,  387, 376, 12
2520984.exe , 7.397933959960937500, 5.875579833984375000, 0.128311157226562500,  ,  374, 361, 12
2520984.exe , 7.296600341796875000, 5.771179199218750000, 0.129287719726562500,  ,  376, 372, 4
2636614.exe , 55.033843994140625000, 44.280502319335937500, 0.909866333007812500,  ,  2676, 2657, 16
2636614.exe , 55.140747070312500000, 44.337036132812500000, 0.909835815429687500,  ,  2671, 2668, 3
2636614.exe , 55.491470336914062500, 44.555694580078125000, 0.919021606445312500,  ,  2701, 2683, 16
2636614.exe , 55.203536987304687500, 44.329421997070312500, 0.911331176757812500,  ,  2679, 2668, 11
2636614.exe , 55.518173217773437500, 44.592239379882812500, 0.915527343750000000,  ,  2690, 2686, 4
2636614.exe , 56.275543212890625000, 45.347442626953125000, 0.918350219726562500,  ,  2699, 2694, 3
2636614.exe , 55.491973876953125000, 44.420852661132812500, 1.106674194335937500,  ,  2688, 2673, 15
2636614.exe , 54.960311889648437500, 44.189865112304687500, 0.912261962890625000,  ,  2676, 2667, 8
2636614.exe , 54.995208740234375000, 44.206329345703125000, 0.910171508789062500,  ,  2675, 2669, 4
2636614.exe , 54.554382324218750000, 43.793441772460937500, 0.906265258789062500,  ,  2663, 2648, 16
2695910.exe , 6.866409301757812500, 5.458206176757812500, 0.118804931640625000,  ,  346, 335, 12
2695910.exe , 6.904678344726562500, 5.520462036132812500, 0.116622924804687500,  ,  338, 330, 8
2695910.exe , 7.000259399414062500, 5.591964721679687500, 0.117019653320312500,  ,  340, 328, 12
2695910.exe , 7.049697875976562500, 5.664749145507812500, 0.116653442382812500,  ,  339, 317, 20
2695910.exe , 7.026443481445312500, 5.651977539062500000, 0.115356445312500000,  ,  336, 325, 12
2695910.exe , 6.849121093750000000, 5.405990600585937500, 0.121627807617187500,  ,  356, 357, 0
2695910.exe , 7.037185668945312500, 5.700347900390625000, 0.114303588867187500,  ,  333, 324, 8
2695910.exe , 6.955963134765625000, 5.536880493164062500, 0.119491577148437500,  ,  350, 338, 12
2695910.exe , 7.127243041992187500, 5.827407836914062500, 0.109603881835937500,  ,  319, 312, 8
2695910.exe , 6.786895751953125000, 5.331115722656250000, 0.123153686523437500,  ,  358, 346, 12
3048609.exe , 9.590286254882812500, 7.756134033203125000, 0.154388427734375000,  ,  451, 441, 10
3048609.exe , 9.513458251953125000, 7.636795043945312500, 0.157897949218750000,  ,  461, 445, 15
3048609.exe , 9.471603393554687500, 7.567260742187500000, 0.160079956054687500,  ,  468, 452, 16
3048609.exe , 9.514633178710937500, 7.613113403320312500, 0.158996582031250000,  ,  464, 457, 8
3048609.exe , 9.509109497070312500, 7.607299804687500000, 0.160003662109375000,  ,  469, 457, 12
3048609.exe , 9.478561401367187500, 7.547561645507812500, 0.162399291992187500,  ,  473, 459, 16
3048609.exe , 9.583679199218750000, 7.665710449218750000, 0.161788940429687500,  ,  472, 463, 8
3048609.exe , 9.550598144531250000, 7.636840820312500000, 0.161026000976562500,  ,  471, 459, 12
3048609.exe , 9.513580322265625000, 7.608322143554687500, 0.160369873046875000,  ,  466, 463, 4
3048609.exe , 9.443389892578125000, 7.539978027343750000, 0.160537719726562500,  ,  468, 452, 15
3457019.exe , 6.157272338867187500, 4.804367065429687500, 0.114028930664062500,  ,  332, 331, 0
3457019.exe , 6.368011474609375000, 5.050506591796875000, 0.110519409179687500,  ,  320, 311, 8
3457019.exe , 6.187408447265625000, 4.855484008789062500, 0.112701416015625000,  ,  327, 307, 20
3457019.exe , 6.305343627929687500, 4.967605590820312500, 0.112579345703125000,  ,  329, 313, 16
3457019.exe , 6.187820434570312500, 4.811950683593750000, 0.116012573242187500,  ,  339, 331, 8
3457019.exe , 6.158615112304687500, 4.780929565429687500, 0.115982055664062500,  ,  337, 325, 12
3457019.exe , 6.265808105468750000, 4.943145751953125000, 0.111557006835937500,  ,  327, 324, 4
3457019.exe , 6.230621337890625000, 4.897979736328125000, 0.112289428710937500,  ,  327, 319, 8
3457019.exe , 6.409667968750000000, 5.121978759765625000, 0.108596801757812500,  ,  315, 307, 8
3457019.exe , 6.299728393554687500, 5.008697509765625000, 0.108779907226562500,  ,  317, 309, 8
363509.exe , 7.932830810546875000, 6.389328002929687500, 0.129302978515625000,  ,  376, 364, 12
363509.exe , 7.818634033203125000, 6.237625122070312500, 0.132751464843750000,  ,  385, 372, 12
363509.exe , 7.740829467773437500, 6.163116455078125000, 0.132858276367187500,  ,  387, 381, 4
363509.exe , 7.874389648437500000, 6.320953369140625000, 0.130462646484375000,  ,  377, 365, 12
363509.exe , 7.733963012695312500, 6.170562744140625000, 0.131378173828125000,  ,  383, 381, 0
363509.exe , 7.881896972656250000, 6.350448608398437500, 0.128265380859375000,  ,  374, 366, 8
363509.exe , 7.736953735351562500, 6.163360595703125000, 0.132415771484375000,  ,  385, 376, 9
363509.exe , 7.762969970703125000, 6.173645019531250000, 0.133834838867187500,  ,  392, 387, 4
363509.exe , 7.548049926757812500, 5.912551879882812500, 0.137817382812500000,  ,  400, 401, 0
363509.exe , 7.686492919921875000, 6.083389282226562500, 0.135345458984375000,  ,  393, 388, 4
3666543.exe , 0.736846923828125000, 0.573715209960937500, 0.013610839843750000,  ,  38, 34, 4
3666543.exe , 0.819061279296875000, 0.652328491210937500, 0.014022827148437500,  ,  38, 29, 8
3666543.exe , 0.810363769531250000, 0.671829223632812500, 0.011611938476562500,  ,  32, 29, 3
3666543.exe , 0.761978149414062500, 0.598724365234375000, 0.013641357421875000,  ,  36, 26, 10
3666543.exe , 0.787017822265625000, 0.632080078125000000, 0.012969970703125000,  ,  35, 35, 0
3666543.exe , 0.735000610351562500, 0.576187133789062500, 0.013305664062500000,  ,  37, 37, 0
3666543.exe , 0.804641723632812500, 0.654067993164062500, 0.012283325195312500,  ,  34, 31, 4
3666543.exe , 0.777236938476562500, 0.630676269531250000, 0.012283325195312500,  ,  33, 23, 10
3666543.exe , 0.763580322265625000, 0.608901977539062500, 0.013000488281250000,  ,  34, 31, 4
3666543.exe , 0.809783935546875000, 0.663040161132812500, 0.012298583984375000,  ,  34, 34, 0
4046853.exe , 6.814529418945312500, 5.451889038085937500, 0.114257812500000000,  ,  333, 324, 8
4046853.exe , 6.744888305664062500, 5.363754272460937500, 0.116043090820312500,  ,  338, 324, 12
4046853.exe , 6.623474121093750000, 5.198165893554687500, 0.119873046875000000,  ,  349, 340, 8
4046853.exe , 6.776153564453125000, 5.432144165039062500, 0.113311767578125000,  ,  331, 323, 8
4046853.exe , 6.936676025390625000, 5.568054199218750000, 0.114669799804687500,  ,  333, 325, 8
4046853.exe , 6.702148437500000000, 5.298721313476562500, 0.118148803710937500,  ,  345, 332, 12
4046853.exe , 6.629913330078125000, 5.167007446289062500, 0.123245239257812500,  ,  358, 348, 12
4046853.exe , 6.958999633789062500, 5.626815795898437500, 0.111831665039062500,  ,  325, 312, 12
4046853.exe , 6.758483886718750000, 5.404586791992187500, 0.115768432617187500,  ,  336, 329, 8
4046853.exe , 6.699188232421875000, 5.337661743164062500, 0.116012573242187500,  ,  339, 314, 24
5075663.exe , 10.310394287109375000, 8.260223388671875000, 0.172424316406250000,  ,  503, 489, 16
5075663.exe , 10.252395629882812500, 8.229736328125000000, 0.170364379882812500,  ,  497, 486, 8
5075663.exe , 10.255630493164062500, 8.233306884765625000, 0.169982910156250000,  ,  497, 489, 8
5075663.exe , 10.127151489257812500, 8.054702758789062500, 0.174682617187500000,  ,  510, 502, 8
5075663.exe , 10.182281494140625000, 8.177871704101562500, 0.168975830078125000,  ,  492, 480, 12
5075663.exe , 10.335037231445312500, 8.252822875976562500, 0.173721313476562500,  ,  507, 503, 4
5075663.exe , 10.118423461914062500, 8.014968872070312500, 0.176666259765625000,  ,  516, 503, 12
5075663.exe , 10.115203857421875000, 8.048126220703125000, 0.175491333007812500,  ,  511, 499, 12
5075663.exe , 10.277633666992187500, 8.227020263671875000, 0.172073364257812500,  ,  503, 495, 8
5075663.exe , 10.128341674804687500, 8.087448120117187500, 0.172180175781250000,  ,  503, 479, 24
5104802.exe , 6.852767944335937500, 5.444717407226562500, 0.118164062500000000,  ,  345, 341, 4
5104802.exe , 6.823883056640625000, 5.414154052734375000, 0.118026733398437500,  ,  343, 334, 8
5104802.exe , 6.740432739257812500, 5.324722290039062500, 0.119018554687500000,  ,  348, 334, 12
5104802.exe , 6.546569824218750000, 5.028030395507812500, 0.127990722656250000,  ,  372, 365, 8
5104802.exe , 6.519760131835937500, 5.008224487304687500, 0.127258300781250000,  ,  370, 363, 8
5104802.exe , 6.668426513671875000, 5.215423583984375000, 0.122207641601562500,  ,  356, 342, 12
5104802.exe , 6.720123291015625000, 5.257232666015625000, 0.122833251953125000,  ,  357, 341, 16
5104802.exe , 6.679611206054687500, 5.221084594726562500, 0.122848510742187500,  ,  358, 350, 8
5104802.exe , 6.676666259765625000, 5.221771240234375000, 0.122528076171875000,  ,  360, 343, 12
5104802.exe , 6.616790771484375000, 5.133392333984375000, 0.124877929687500000,  ,  364, 357, 8
5409465.exe , 11.080368041992187500, 8.880905151367187500, 0.184967041015625000,  ,  541, 529, 12
5409465.exe , 11.222656250000000000, 9.052261352539062500, 0.181457519531250000,  ,  531, 518, 12
5409465.exe , 11.186706542968750000, 8.997329711914062500, 0.184036254882812500,  ,  537, 522, 13
5409465.exe , 10.987579345703125000, 8.789566040039062500, 0.185791015625000000,  ,  542, 530, 12
5409465.exe , 11.067337036132812500, 8.897827148437500000, 0.183349609375000000,  ,  534, 519, 16
5409465.exe , 11.169937133789062500, 8.971359252929687500, 0.185028076171875000,  ,  539, 540, 0
5409465.exe , 11.133026123046875000, 8.918273925781250000, 0.185211181640625000,  ,  542, 532, 8
5409465.exe , 11.154373168945312500, 8.958511352539062500, 0.184570312500000000,  ,  539, 521, 16
5409465.exe , 11.155288696289062500, 8.937149047851562500, 0.184692382812500000,  ,  540, 527, 12
5409465.exe , 11.081802368164062500, 8.883438110351562500, 0.184921264648437500,  ,  540, 524, 16
5878214.exe , 51.006729125976562500, 40.692413330078125000, 0.970260620117187500,  ,  2277, 1155, 1123
5878214.exe , 50.787155151367187500, 40.651535034179687500, 0.776321411132812500,  ,  2276, 1102, 1173
5878214.exe , 50.960266113281250000, 40.929428100585937500, 0.768554687500000000,  ,  2258, 1139, 1120
5878214.exe , 50.878250122070312500, 40.833084106445312500, 0.773361206054687500,  ,  2269, 1182, 1090
5878214.exe , 50.934753417968750000, 40.828292846679687500, 0.771194458007812500,  ,  2266, 1111, 1156
5878214.exe , 50.736984252929687500, 40.627120971679687500, 0.772613525390625000,  ,  2270, 1098, 1172
5878214.exe , 51.110305786132812500, 40.983642578125000000, 0.773605346679687500,  ,  2272, 1125, 1148
5878214.exe , 50.618103027343750000, 40.597656250000000000, 0.770156860351562500,  ,  2261, 1057, 1206
5878214.exe , 50.807952880859375000, 40.706695556640625000, 0.774932861328125000,  ,  2276, 1091, 1186
5878214.exe , 50.644271850585937500, 40.694442749023437500, 0.765075683593750000,  ,  2245, 1168, 1077
5920970.exe , 6.958358764648437500, 5.613433837890625000, 0.113357543945312500,  ,  332, 322, 7
5920970.exe , 6.894897460937500000, 5.507156372070312500, 0.116027832031250000,  ,  339, 332, 8
5920970.exe , 6.737182617187500000, 5.257125854492187500, 0.124191284179687500,  ,  363, 354, 8
5920970.exe , 6.842529296875000000, 5.433883666992187500, 0.118072509765625000,  ,  344, 322, 21
5920970.exe , 6.945388793945312500, 5.576660156250000000, 0.114624023437500000,  ,  334, 319, 16
5920970.exe , 6.896286010742187500, 5.531631469726562500, 0.115066528320312500,  ,  336, 322, 12
5920970.exe , 6.805541992187500000, 5.366424560546875000, 0.121078491210937500,  ,  353, 339, 15
5920970.exe , 6.706497192382812500, 5.252105712890625000, 0.122085571289062500,  ,  355, 343, 11
5920970.exe , 6.874847412109375000, 5.498016357421875000, 0.116333007812500000,  ,  338, 327, 12
5920970.exe , 6.942352294921875000, 5.595321655273437500, 0.114257812500000000,  ,  334, 328, 4
6123694.exe , 8.178604125976562500, 6.551239013671875000, 0.135513305664062500,  ,  396, 384, 12
6123694.exe , 8.154754638671875000, 6.516036987304687500, 0.136444091796875000,  ,  398, 391, 8
6123694.exe , 8.237945556640625000, 6.635711669921875000, 0.134506225585937500,  ,  392, 387, 4
6123694.exe , 8.125381469726562500, 6.505752563476562500, 0.136520385742187500,  ,  398, 392, 4
6123694.exe , 8.229187011718750000, 6.611633300781250000, 0.135177612304687500,  ,  393, 380, 11
6123694.exe , 8.099227905273437500, 6.496368408203125000, 0.135726928710937500,  ,  396, 388, 8
6123694.exe , 8.079086303710937500, 6.442611694335937500, 0.137939453125000000,  ,  403, 400, 3
6123694.exe , 8.069992065429687500, 6.417556762695312500, 0.138534545898437500,  ,  404, 388, 15
6123694.exe , 8.075942993164062500, 6.450027465820312500, 0.136825561523437500,  ,  398, 391, 8
6123694.exe , 8.113372802734375000, 6.497711181640625000, 0.136566162109375000,  ,  397, 393, 4
6227368.exe , 7.478240966796875000, 5.977859497070312500, 0.125839233398437500,  ,  367, 352, 16
6227368.exe , 7.427154541015625000, 5.885116577148437500, 0.129333496093750000,  ,  378, 358, 16
6227368.exe , 7.613800048828125000, 6.121383666992187500, 0.124450683593750000,  ,  362, 358, 4
6227368.exe , 7.522994995117187500, 6.021316528320312500, 0.126937866210937500,  ,  369, 359, 8
6227368.exe , 7.405746459960937500, 5.877197265625000000, 0.128341674804687500,  ,  374, 361, 12
6227368.exe , 7.472625732421875000, 5.948059082031250000, 0.127929687500000000,  ,  375, 375, 0
6227368.exe , 7.396987915039062500, 5.856689453125000000, 0.128570556640625000,  ,  375, 367, 8
6227368.exe , 7.511596679687500000, 5.985198974609375000, 0.126785278320312500,  ,  370, 361, 8
6227368.exe , 7.470916748046875000, 5.966857910156250000, 0.126556396484375000,  ,  368, 357, 11
6227368.exe , 7.588851928710937500, 6.107589721679687500, 0.123779296875000000,  ,  361, 348, 12
786190.exe , 7.442077636718750000, 5.970886230468750000, 0.123443603515625000,  ,  360, 341, 19
786190.exe , 7.305450439453125000, 5.794021606445312500, 0.127319335937500000,  ,  372, 362, 12
786190.exe , 7.356338500976562500, 5.829696655273437500, 0.128021240234375000,  ,  372, 364, 8
786190.exe , 7.331420898437500000, 5.824600219726562500, 0.126861572265625000,  ,  370, 364, 4
786190.exe , 7.357116699218750000, 5.817001342773437500, 0.129318237304687500,  ,  376, 360, 16
786190.exe , 7.338134765625000000, 5.851593017578125000, 0.125289916992187500,  ,  365, 361, 4
786190.exe , 7.590591430664062500, 6.158126831054687500, 0.119689941406250000,  ,  347, 339, 8
786190.exe , 7.296035766601562500, 5.780471801757812500, 0.127532958984375000,  ,  372, 362, 12
786190.exe , 7.320098876953125000, 5.785873413085937500, 0.128204345703125000,  ,  374, 371, 4
786190.exe , 7.510314941406250000, 6.052078247070312500, 0.121444702148437500,  ,  354, 336, 17
787752.exe , 10.811492919921875000, 8.645324707031250000, 0.180435180664062500,  ,  527, 511, 16
787752.exe , 10.723922729492187500, 8.526428222656250000, 0.183364868164062500,  ,  536, 531, 4
787752.exe , 10.636962890625000000, 8.432800292968750000, 0.184402465820312500,  ,  538, 537, 0
787752.exe , 10.699340820312500000, 8.523437500000000000, 0.182830810546875000,  ,  535, 523, 12
787752.exe , 10.763809204101562500, 8.571075439453125000, 0.183258056640625000,  ,  536, 521, 12
787752.exe , 10.695281982421875000, 8.515106201171875000, 0.181716918945312500,  ,  532, 523, 6
787752.exe , 10.947372436523437500, 8.803405761718750000, 0.180526733398437500,  ,  526, 514, 12
787752.exe , 10.961334228515625000, 8.814666748046875000, 0.180679321289062500,  ,  529, 517, 9
787752.exe , 10.637603759765625000, 8.482711791992187500, 0.181701660156250000,  ,  530, 519, 12
787752.exe , 10.706359863281250000, 8.552139282226562500, 0.181427001953125000,  ,  531, 528, 4
8000029.exe , 61.632583618164062500, 50.560302734375000000, 0.930862426757812500,  ,  2737, 2733, 4
8000029.exe , 62.488616943359375000, 51.174575805664062500, 0.936813354492187500,  ,  2754, 2738, 16
8000029.exe , 62.102752685546875000, 50.937377929687500000, 0.934951782226562500,  ,  2749, 2732, 16
8000029.exe , 66.759872436523437500, 54.622009277343750000, 1.027816772460937500,  ,  2984, 2971, 12
8000029.exe , 61.781204223632812500, 50.703964233398437500, 0.928329467773437500,  ,  2732, 2712, 16
8000029.exe , 62.474227905273437500, 51.175781250000000000, 0.935699462890625000,  ,  2750, 2740, 12
8000029.exe , 62.418930053710937500, 51.140274047851562500, 0.938217163085937500,  ,  2758, 2750, 8
8000029.exe , 62.867065429687500000, 51.566253662109375000, 0.939071655273437500,  ,  2762, 2750, 12
8000029.exe , 62.665847778320312500, 51.392105102539062500, 0.932830810546875000,  ,  2741, 2732, 8
8000029.exe , 64.082778930664062500, 52.768722534179687500, 0.935852050781250000,  ,  2751, 2725, 24
8557275.exe , 7.418334960937500000, 5.906784057617187500, 0.125442504882812500,  ,  367, 358, 8
8557275.exe , 7.363983154296875000, 5.834213256835937500, 0.127410888671875000,  ,  371, 371, 0
8557275.exe , 7.417678833007812500, 5.932022094726562500, 0.123077392578125000,  ,  358, 349, 8
8557275.exe , 7.288131713867187500, 5.735198974609375000, 0.129714965820312500,  ,  380, 368, 12
8557275.exe , 7.416534423828125000, 5.935852050781250000, 0.125534057617187500,  ,  364, 344, 21
8557275.exe , 7.442642211914062500, 5.923385620117187500, 0.126159667968750000,  ,  368, 360, 8
8557275.exe , 7.437057495117187500, 5.884841918945312500, 0.128448486328125000,  ,  376, 360, 12
8557275.exe , 7.326141357421875000, 5.801208496093750000, 0.127319335937500000,  ,  370, 363, 8
8557275.exe , 7.433013916015625000, 5.905197143554687500, 0.126586914062500000,  ,  367, 364, 4
8557275.exe , 7.439239501953125000, 5.929443359375000000, 0.125152587890625000,  ,  363, 353, 12
1943931.exe , 6.874404907226562500, 5.521316528320312500, 0.114547729492187500,  ,  333, 329, 0
1943931.exe , 6.653854370117187500, 5.257431030273437500, 0.118301391601562500,  ,  345, 330, 12
1943931.exe , 6.497741699218750000, 5.044662475585937500, 0.123580932617187500,  ,  359, 340, 20
1943931.exe , 6.610321044921875000, 5.202728271484375000, 0.119659423828125000,  ,  350, 335, 12
1943931.exe , 6.703933715820312500, 5.320297241210937500, 0.117309570312500000,  ,  341, 331, 8
1943931.exe , 6.771865844726562500, 5.428298950195312500, 0.114654541015625000,  ,  333, 319, 12
1943931.exe , 6.811325073242187500, 5.459335327148437500, 0.114639282226562500,  ,  334, 333, 0
1943931.exe , 6.751174926757812500, 5.432037353515625000, 0.112594604492187500,  ,  328, 323, 4
1943931.exe , 6.829345703125000000, 5.494949340820312500, 0.113586425781250000,  ,  332, 321, 8
1943931.exe , 6.573867797851562500, 5.168090820312500000, 0.119796752929687500,  ,  350, 322, 28
2520984.exe , 7.238876342773437500, 5.716461181640625000, 0.128982543945312500,  ,  377, 365, 12
2520984.exe , 7.213043212890625000, 5.696975708007812500, 0.129196166992187500,  ,  377, 373, 4
2520984.exe , 7.189727783203125000, 5.612808227539062500, 0.133804321289062500,  ,  391, 382, 8
2520984.exe , 7.257308959960937500, 5.703094482421875000, 0.131698608398437500,  ,  384, 378, 8
2520984.exe , 7.227325439453125000, 5.676055908203125000, 0.133377075195312500,  ,  389, 365, 24
2520984.exe , 7.161941528320312500, 5.598159790039062500, 0.132858276367187500,  ,  390, 370, 16
2520984.exe , 7.426483154296875000, 5.949188232421875000, 0.125518798828125000,  ,  367, 358, 8
2520984.exe , 7.183044433593750000, 5.604614257812500000, 0.133941650390625000,  ,  391, 377, 12
2520984.exe , 7.225769042968750000, 5.644302368164062500, 0.134063720703125000,  ,  390, 375, 16
2520984.exe , 7.219116210937500000, 5.649108886718750000, 0.132965087890625000,  ,  387, 375, 13
2636614.exe , 55.228256225585937500, 44.345504760742187500, 0.913619995117187500,  ,  2684, 2676, 7
2636614.exe , 54.523254394531250000, 43.746627807617187500, 0.911102294921875000,  ,  2678, 2671, 6
2636614.exe , 54.481613159179687500, 43.700531005859375000, 0.909423828125000000,  ,  2672, 2655, 15
2636614.exe , 54.510437011718750000, 43.775314331054687500, 0.905303955078125000,  ,  2660, 2641, 18
2636614.exe , 54.274475097656250000, 43.526214599609375000, 0.908554077148437500,  ,  2669, 2660, 8
2636614.exe , 54.995193481445312500, 44.093048095703125000, 0.915191650390625000,  ,  2688, 2683, 4
2636614.exe , 54.974060058593750000, 44.186874389648437500, 0.910156250000000000,  ,  2677, 2668, 8
2636614.exe , 55.316268920898437500, 44.500198364257812500, 0.913162231445312500,  ,  2686, 2672, 12
2636614.exe , 54.902435302734375000, 44.121643066406250000, 0.909683227539062500,  ,  2673, 2653, 20
2636614.exe , 55.493087768554687500, 44.505157470703125000, 0.920364379882812500,  ,  2706, 2699, 4
2695910.exe , 6.926025390625000000, 5.521148681640625000, 0.118835449218750000,  ,  345, 336, 8
2695910.exe , 6.884246826171875000, 5.480667114257812500, 0.119796752929687500,  ,  349, 334, 12
2695910.exe , 6.903732299804687500, 5.464004516601562500, 0.121292114257812500,  ,  353, 338, 12
2695910.exe , 7.036849975585937500, 5.696716308593750000, 0.113235473632812500,  ,  330, 321, 8
2695910.exe , 6.786285400390625000, 5.319610595703125000, 0.123535156250000000,  ,  360, 343, 16
2695910.exe , 6.890441894531250000, 5.496597290039062500, 0.117645263671875000,  ,  341, 337, 4
2695910.exe , 6.869400024414062500, 5.471298217773437500, 0.119430541992187500,  ,  347, 325, 24
2695910.exe , 7.302963256835937500, 5.787918090820312500, 0.308685302734375000,  ,  322, 321, 0
2695910.exe , 6.910446166992187500, 5.505538940429687500, 0.118499755859375000,  ,  345, 333, 12
2695910.exe , 6.926589965820312500, 5.501602172851562500, 0.119857788085937500,  ,  350, 342, 8
3048609.exe , 9.580200195312500000, 7.699401855468750000, 0.157653808593750000,  ,  460, 450, 8
3048609.exe , 9.657196044921875000, 7.818969726562500000, 0.154830932617187500,  ,  453, 449, 4
3048609.exe , 9.587768554687500000, 7.619964599609375000, 0.165451049804687500,  ,  482, 471, 12
3048609.exe , 9.520523071289062500, 7.604965209960937500, 0.160751342773437500,  ,  468, 463, 4
3048609.exe , 9.464920043945312500, 7.556594848632812500, 0.160095214843750000,  ,  468, 457, 8
3048609.exe , 9.497344970703125000, 7.624862670898437500, 0.158950805664062500,  ,  463, 452, 11
3048609.exe , 9.549850463867187500, 7.684280395507812500, 0.157272338867187500,  ,  459, 451, 8
3048609.exe , 9.547119140625000000, 7.625076293945312500, 0.161712646484375000,  ,  473, 469, 4
3048609.exe , 9.412780761718750000, 7.480880737304687500, 0.164230346679687500,  ,  478, 468, 11
3048609.exe , 9.504653930664062500, 7.588043212890625000, 0.160842895507812500,  ,  469, 451, 16
3457019.exe , 6.201324462890625000, 4.875823974609375000, 0.112976074218750000,  ,  330, 315, 12
3457019.exe , 6.092468261718750000, 4.710021972656250000, 0.116485595703125000,  ,  340, 323, 16
3457019.exe , 6.389175415039062500, 5.106246948242187500, 0.108123779296875000,  ,  316, 308, 8
3457019.exe , 6.282546997070312500, 4.922348022460937500, 0.114334106445312500,  ,  333, 328, 4
3457019.exe , 6.141418457031250000, 4.762741088867187500, 0.116073608398437500,  ,  338, 330, 8
3457019.exe , 6.229782104492187500, 4.867797851562500000, 0.114654541015625000,  ,  333, 316, 16
3457019.exe , 6.280441284179687500, 4.960220336914062500, 0.111022949218750000,  ,  324, 314, 8
3457019.exe , 6.276977539062500000, 4.983123779296875000, 0.109115600585937500,  ,  317, 305, 12
3457019.exe , 6.289733886718750000, 4.931457519531250000, 0.114318847656250000,  ,  333, 319, 15
3457019.exe , 6.307128906250000000, 4.978286743164062500, 0.112091064453125000,  ,  324, 324, 0
363509.exe , 7.814712524414062500, 6.279830932617187500, 0.129837036132812500,  ,  378, 365, 12
363509.exe , 7.933868408203125000, 6.404602050781250000, 0.128570556640625000,  ,  375, 368, 4
363509.exe , 7.757141113281250000, 6.191940307617187500, 0.131866455078125000,  ,  384, 384, 0
363509.exe , 7.749908447265625000, 6.154800415039062500, 0.133758544921875000,  ,  390, 384, 8
363509.exe , 7.756683349609375000, 6.183166503906250000, 0.132217407226562500,  ,  384, 376, 8
363509.exe , 7.762222290039062500, 6.156051635742187500, 0.133850097656250000,  ,  390, 384, 4
363509.exe , 7.694641113281250000, 6.132019042968750000, 0.131805419921875000,  ,  383, 379, 4
363509.exe , 7.718460083007812500, 6.110992431640625000, 0.135116577148437500,  ,  395, 395, 0
363509.exe , 7.827453613281250000, 6.309768676757812500, 0.128051757812500000,  ,  373, 358, 12
363509.exe , 7.843643188476562500, 6.312301635742187500, 0.128845214843750000,  ,  375, 366, 8
3666543.exe , 0.784057617187500000, 0.621093750000000000, 0.013656616210937500,  ,  37, 23, 15
3666543.exe , 0.785583496093750000, 0.622680664062500000, 0.013656616210937500,  ,  37, 28, 9
3666543.exe , 0.819641113281250000, 0.665130615234375000, 0.012985229492187500,  ,  35, 21, 13
3666543.exe , 0.795684814453125000, 0.641082763671875000, 0.013336181640625000,  ,  35, 31, 4
3666543.exe , 0.757019042968750000, 0.586120605468750000, 0.014343261718750000,  ,  39, 31, 8
3666543.exe , 0.798355102539062500, 0.643722534179687500, 0.012985229492187500,  ,  35, 12, 23
3666543.exe , 0.795211791992187500, 0.632568359375000000, 0.013656616210937500,  ,  36, 32, 5
3666543.exe , 0.748535156250000000, 0.589981079101562500, 0.013336181640625000,  ,  36, 27, 8
3666543.exe , 0.782211303710937500, 0.619461059570312500, 0.013336181640625000,  ,  36, 30, 5
3666543.exe , 0.767333984375000000, 0.604721069335937500, 0.013671875000000000,  ,  36, 27, 8
4046853.exe , 6.813278198242187500, 5.447830200195312500, 0.114669799804687500,  ,  335, 325, 8
4046853.exe , 6.660430908203125000, 5.246490478515625000, 0.118453979492187500,  ,  346, 329, 16
4046853.exe , 6.694396972656250000, 5.305786132812500000, 0.116363525390625000,  ,  340, 322, 17
4046853.exe , 6.703643798828125000, 5.321426391601562500, 0.116302490234375000,  ,  340, 336, 4
4046853.exe , 6.573577880859375000, 5.146255493164062500, 0.120162963867187500,  ,  351, 335, 16
4046853.exe , 6.621475219726562500, 5.240112304687500000, 0.118118286132812500,  ,  344, 338, 4
4046853.exe , 6.606842041015625000, 5.213928222656250000, 0.117416381835937500,  ,  343, 332, 12
4046853.exe , 6.657943725585937500, 5.259674072265625000, 0.117691040039062500,  ,  343, 332, 12
4046853.exe , 6.625015258789062500, 5.202453613281250000, 0.119796752929687500,  ,  350, 346, 4
4046853.exe , 6.786697387695312500, 5.454711914062500000, 0.112365722656250000,  ,  328, 328, 0
5075663.exe , 9.943405151367187500, 7.829437255859375000, 0.177520751953125000,  ,  519, 511, 8
5075663.exe , 10.189010620117187500, 8.154235839843750000, 0.170700073242187500,  ,  498, 489, 8
5075663.exe , 9.925369262695312500, 7.905715942382812500, 0.170257568359375000,  ,  497, 492, 4
5075663.exe , 10.319625854492187500, 8.327545166015625000, 0.166610717773437500,  ,  485, 480, 4
5075663.exe , 10.104019165039062500, 8.063583374023437500, 0.172119140625000000,  ,  502, 498, 4
5075663.exe , 10.323226928710937500, 8.307830810546875000, 0.169006347656250000,  ,  494, 483, 8
5075663.exe , 10.269149780273437500, 8.244857788085937500, 0.170501708984375000,  ,  498, 484, 12
5075663.exe , 10.172561645507812500, 8.125183105468750000, 0.173660278320312500,  ,  507, 491, 16
5075663.exe , 10.202438354492187500, 8.165649414062500000, 0.170242309570312500,  ,  496, 491, 4
5075663.exe , 10.270812988281250000, 8.232345581054687500, 0.170654296875000000,  ,  497, 486, 12
5104802.exe , 6.679397583007812500, 5.226593017578125000, 0.121734619140625000,  ,  355, 352, 4
5104802.exe , 6.737213134765625000, 5.303283691406250000, 0.120132446289062500,  ,  350, 341, 8
5104802.exe , 6.776107788085937500, 5.333038330078125000, 0.119323730468750000,  ,  348, 338, 12
5104802.exe , 6.684249877929687500, 5.227432250976562500, 0.122482299804687500,  ,  358, 352, 4
5104802.exe , 6.651351928710937500, 5.207061767578125000, 0.121551513671875000,  ,  354, 338, 16
5104802.exe , 6.758255004882812500, 5.349380493164062500, 0.118469238281250000,  ,  346, 336, 8
5104802.exe , 6.715927124023437500, 5.268173217773437500, 0.121978759765625000,  ,  357, 341, 16
5104802.exe , 6.510742187500000000, 5.031112670898437500, 0.124603271484375000,  ,  364, 353, 12
5104802.exe , 6.648773193359375000, 5.188735961914062500, 0.122634887695312500,  ,  358, 352, 4
5104802.exe , 6.741195678710937500, 5.318374633789062500, 0.119506835937500000,  ,  351, 339, 8
5409465.exe , 11.123535156250000000, 8.925537109375000000, 0.185363769531250000,  ,  541, 535, 8
5409465.exe , 10.999252319335937500, 8.764221191406250000, 0.187301635742187500,  ,  548, 533, 16
5409465.exe , 11.066940307617187500, 8.860778808593750000, 0.185668945312500000,  ,  543, 535, 8
5409465.exe , 11.197357177734375000, 8.985366821289062500, 0.185150146484375000,  ,  539, 528, 12
5409465.exe , 11.195114135742187500, 9.038543701171875000, 0.181259155273437500,  ,  528, 524, 4
5409465.exe , 11.148818969726562500, 8.947097778320312500, 0.183486938476562500,  ,  535, 528, 8
5409465.exe , 11.061477661132812500, 8.806259155273437500, 0.187362670898437500,  ,  548, 539, 8
5409465.exe , 11.080566406250000000, 8.868148803710937500, 0.184906005859375000,  ,  543, 536, 4
5409465.exe , 11.107650756835937500, 8.906082153320312500, 0.184829711914062500,  ,  541, 539, 0
5409465.exe , 11.011611938476562500, 8.797927856445312500, 0.185928344726562500,  ,  544, 536, 8
5878214.exe , 50.602920532226562500, 40.461380004882812500, 0.773208618164062500,  ,  2274, 1147, 1127
5878214.exe , 50.901855468750000000, 40.747177124023437500, 0.771972656250000000,  ,  2270, 1130, 1141
5878214.exe , 50.813491821289062500, 40.656845092773437500, 0.775817871093750000,  ,  2279, 1166, 1115
5878214.exe , 50.982040405273437500, 40.813827514648437500, 0.772888183593750000,  ,  2271, 1057, 1214
5878214.exe , 51.105377197265625000, 40.954498291015625000, 0.771026611328125000,  ,  2266, 1110, 1155
5878214.exe , 50.400024414062500000, 40.274856567382812500, 0.771347045898437500,  ,  2266, 1222, 1046
5878214.exe , 51.011642456054687500, 40.693099975585937500, 0.982559204101562500,  ,  2271, 1113, 1159
5878214.exe , 50.650314331054687500, 40.508850097656250000, 0.775543212890625000,  ,  2270, 1122, 1148
5878214.exe , 50.883773803710937500, 40.755035400390625000, 0.770004272460937500,  ,  2262, 1169, 1093
5878214.exe , 50.907669067382812500, 40.820236206054687500, 0.770858764648437500,  ,  2264, 1162, 1103
5920970.exe , 7.024993896484375000, 5.703903198242187500, 0.111907958984375000,  ,  326, 317, 8
5920970.exe , 6.957565307617187500, 5.571105957031250000, 0.115600585937500000,  ,  335, 336, 0
5920970.exe , 6.879135131835937500, 5.464843750000000000, 0.119689941406250000,  ,  349, 331, 16
5920970.exe , 6.844711303710937500, 5.472015380859375000, 0.115722656250000000,  ,  337, 332, 4
5920970.exe , 6.898681640625000000, 5.538650512695312500, 0.115707397460937500,  ,  337, 331, 4
5920970.exe , 6.790542602539062500, 5.351898193359375000, 0.120452880859375000,  ,  350, 338, 12
5920970.exe , 7.055221557617187500, 5.738342285156250000, 0.110473632812500000,  ,  322, 318, 4
5920970.exe , 7.046875000000000000, 5.683959960937500000, 0.114028930664062500,  ,  332, 317, 16
5920970.exe , 6.888214111328125000, 5.517883300781250000, 0.116607666015625000,  ,  340, 333, 8
5920970.exe , 6.868225097656250000, 5.491104125976562500, 0.116424560546875000,  ,  339, 330, 8
6123694.exe , 8.264221191406250000, 6.693344116210937500, 0.131271362304687500,  ,  382, 374, 8
6123694.exe , 8.183410644531250000, 6.558532714843750000, 0.136016845703125000,  ,  398, 394, 4
6123694.exe , 8.088562011718750000, 6.448425292968750000, 0.137207031250000000,  ,  401, 393, 8
6123694.exe , 8.228088378906250000, 6.592239379882812500, 0.134735107421875000,  ,  394, 382, 12
6123694.exe , 8.109252929687500000, 6.473434448242187500, 0.136520385742187500,  ,  398, 386, 12
6123694.exe , 8.319427490234375000, 6.770263671875000000, 0.130264282226562500,  ,  379, 369, 11
6123694.exe , 8.120529174804687500, 6.490325927734375000, 0.136184692382812500,  ,  397, 376, 20
6123694.exe , 8.051971435546875000, 6.379364013671875000, 0.138763427734375000,  ,  406, 402, 0
6123694.exe , 8.139221191406250000, 6.507934570312500000, 0.136077880859375000,  ,  398, 391, 8
6123694.exe , 8.086151123046875000, 6.470413208007812500, 0.136428833007812500,  ,  398, 388, 11
6227368.exe , 7.897094726562500000, 6.421188354492187500, 0.123458862304687500,  ,  360, 334, 24
6227368.exe , 7.401123046875000000, 5.855468750000000000, 0.129211425781250000,  ,  376, 364, 12
6227368.exe , 7.393630981445312500, 5.869049072265625000, 0.128356933593750000,  ,  375, 368, 8
6227368.exe , 7.561767578125000000, 6.107452392578125000, 0.122589111328125000,  ,  357, 354, 4
6227368.exe , 7.485595703125000000, 5.979263305664062500, 0.126586914062500000,  ,  369, 370, 0
6227368.exe , 7.539459228515625000, 6.066787719726562500, 0.123794555664062500,  ,  361, 353, 8
6227368.exe , 7.483581542968750000, 5.974929809570312500, 0.126220703125000000,  ,  369, 362, 8
6227368.exe , 7.376342773437500000, 5.833923339843750000, 0.129623413085937500,  ,  378, 366, 12
6227368.exe , 7.642883300781250000, 6.229141235351562500, 0.118072509765625000,  ,  346, 342, 4
6227368.exe , 7.489334106445312500, 5.977218627929687500, 0.126861572265625000,  ,  371, 363, 8
786190.exe , 7.367340087890625000, 5.852554321289062500, 0.126525878906250000,  ,  369, 356, 11
786190.exe , 7.360794067382812500, 5.841232299804687500, 0.127182006835937500,  ,  371, 361, 8
786190.exe , 7.410278320312500000, 5.903640747070312500, 0.126129150390625000,  ,  368, 357, 12
786190.exe , 7.360336303710937500, 5.857650756835937500, 0.126586914062500000,  ,  369, 364, 4
786190.exe , 7.317306518554687500, 5.761474609375000000, 0.130279541015625000,  ,  381, 381, 0
786190.exe , 7.334808349609375000, 5.825119018554687500, 0.126495361328125000,  ,  369, 368, 0
786190.exe , 7.360107421875000000, 5.842727661132812500, 0.127243041992187500,  ,  372, 358, 12
786190.exe , 7.432998657226562500, 5.923934936523437500, 0.125793457031250000,  ,  366, 351, 16
786190.exe , 7.284713745117187500, 5.741516113281250000, 0.129745483398437500,  ,  379, 381, 0
786190.exe , 7.295730590820312500, 5.773147583007812500, 0.128387451171875000,  ,  374, 364, 8
787752.exe , 10.892990112304687500, 8.790924072265625000, 0.177169799804687500,  ,  516, 503, 13
787752.exe , 10.689682006835937500, 8.509597778320312500, 0.183105468750000000,  ,  534, 525, 8
787752.exe , 10.686676025390625000, 8.525253295898437500, 0.182205200195312500,  ,  532, 517, 14
787752.exe , 10.731658935546875000, 8.561614990234375000, 0.181747436523437500,  ,  531, 531, 0
787752.exe , 10.759490966796875000, 8.621810913085937500, 0.180038452148437500,  ,  524, 519, 4
787752.exe , 10.710556030273437500, 8.543304443359375000, 0.182205200195312500,  ,  531, 520, 12
787752.exe , 10.741531372070312500, 8.595397949218750000, 0.179748535156250000,  ,  525, 512, 12
787752.exe , 10.876144409179687500, 8.763000488281250000, 0.176864624023437500,  ,  518, 513, 4
787752.exe , 10.747848510742187500, 8.602722167968750000, 0.179107666015625000,  ,  523, 523, 0
787752.exe , 10.827789306640625000, 8.680099487304687500, 0.179687500000000000,  ,  526, 522, 4
8000029.exe , 62.189712524414062500, 50.958892822265625000, 0.943740844726562500,  ,  2776, 2770, 4
8000029.exe , 62.050750732421875000, 50.954040527343750000, 0.931381225585937500,  ,  2737, 2720, 16
8000029.exe , 61.747024536132812500, 50.644592285156250000, 0.932327270507812500,  ,  2739, 2730, 8
8000029.exe , 62.073089599609375000, 50.899765014648437500, 0.936874389648437500,  ,  2753, 2737, 16
8000029.exe , 62.826278686523437500, 51.431182861328125000, 0.947097778320312500,  ,  2784, 2777, 8
8000029.exe , 61.392410278320312500, 50.296600341796875000, 0.929214477539062500,  ,  2732, 2714, 16
8000029.exe , 62.215789794921875000, 50.940460205078125000, 0.934982299804687500,  ,  2747, 2739, 8
8000029.exe , 62.478210449218750000, 51.195236206054687500, 0.943328857421875000,  ,  2772, 2754, 16
8000029.exe , 62.242095947265625000, 50.889587402343750000, 1.149246215820312500,  ,  2740, 2738, 4
8000029.exe , 63.543869018554687500, 52.291290283203125000, 0.926940917968750000,  ,  2723, 2715, 8
8557275.exe , 7.482894897460937500, 5.992263793945312500, 0.124176025390625000,  ,  363, 350, 12
8557275.exe , 7.323196411132812500, 5.772064208984375000, 0.129364013671875000,  ,  375, 373, 4
8557275.exe , 7.417678833007812500, 5.905715942382812500, 0.125885009765625000,  ,  366, 355, 12
8557275.exe , 7.324890136718750000, 5.762969970703125000, 0.130279541015625000,  ,  380, 367, 12
8557275.exe , 7.551116943359375000, 6.082046508789062500, 0.122100830078125000,  ,  356, 354, 0
8557275.exe , 7.579162597656250000, 6.123260498046875000, 0.122558593750000000,  ,  356, 356, 0
8557275.exe , 7.455245971679687500, 5.920700073242187500, 0.127609252929687500,  ,  372, 367, 4
8557275.exe , 7.366348266601562500, 5.819381713867187500, 0.128570556640625000,  ,  375, 364, 12
8557275.exe , 7.376266479492187500, 5.860595703125000000, 0.126174926757812500,  ,  369, 365, 4
8557275.exe , 7.527938842773437500, 6.026336669921875000, 0.124771118164062500,  ,  362, 354, 8
